Country,Year,Pop
Australia,2015,23815995
Canada,2015,35702908
Dominican Republic,2015,10281680
Greece,2015,10820883
Ireland,2015,4701957
Jamaica,2015,2891021
Mexico,2015,121858258
Poland,2015,37986412
Thailand,2015,68714511
United States,2015,320635163
Australia,2010,22031750
Canada,2010,34004889
Dominican Republic,2010,9695121
Greece,2010,11121341
Ireland,2010,4560155
Jamaica,2010,2810460
Mexico,2010,114092963
Poland,2010,38042794
Thailand,2010,67195028
United States,2010,309321666
Australia,2005,20394800
Canada,2005,32243753
Dominican Republic,2005,9097257
Greece,2005,10987314
Ireland,2005,4159914
Jamaica,2005,2740003
Mexico,2005,106005203
Poland,2005,38165445
Thailand,2005,65416189
United States,2005,295516599
Australia,2000,19153000
Canada,2000,30685730
Dominican Republic,2000,8471321
Greece,2000,10805808
Ireland,2000,3805174
Jamaica,2000,2654701
Mexico,2000,98899845
Poland,2000,38258629
Thailand,2000,62952642
United States,2000,282162411
Australia,1995,18072000
Canada,1995,29302311
Dominican Republic,1995,7819247
Greece,1995,10562153
Ireland,1995,3608841
Jamaica,1995,2533711
Mexico,1995,91663285
Poland,1995,38594998
Thailand,1995,59467274
United States,1995,266278000
Australia,1990,17065100
Canada,1990,27691138
Dominican Republic,1990,7133494
Greece,1990,10196792
Ireland,1990,3513974
Jamaica,1990,2419906
Mexico,1990,83943132
Poland,1990,38110782
Thailand,1990,56558186
United States,1990,249623000
Australia,1985,15758000
Canada,1985,25842116
Dominican Republic,1985,6464229
Greece,1985,9934300
Ireland,1985,3538082
Jamaica,1985,2335510
Mexico,1985,75983485
Poland,1985,37201885
Thailand,1985,52026901
United States,1985,237924000
Australia,1980,14692000
Canada,1980,24515667
Dominican Republic,1980,5803927
Greece,1980,9642505
Ireland,1980,3412800
Jamaica,1980,2162846
Mexico,1980,67761372
Poland,1980,35574150
Thailand,1980,47374472
United States,1980,227225000
Australia,1975,13893000
Canada,1975,23143275
Dominican Republic,1975,5144637
Greece,1975,9046541
Ireland,1975,3189550
Jamaica,1975,2028016
Mexico,1975,59607953
Poland,1975,34015199
Thailand,1975,42326312
United States,1975,215973000
Australia,1970,12507000
Canada,1970,21324000
Dominican Republic,1970,4499720
Greece,1970,8792806
Ireland,1970,2957250
Jamaica,1970,1875642
Mexico,1970,51493565
Poland,1970,32664300
Thailand,1970,36884536
United States,1970,205052000
,,
,,
,,
,,
,,
,,
,,
,,
,,
,,
